-- phpMyAdmin SQL Dump
-- version 4.3.11
-- http://www.phpmyadmin.net
--
-- Host: 127.0.0.1
-- Generation Time: Sep 05, 2017 at 01:32 PM
-- Server version: 5.6.24
-- PHP Version: 5.6.8

SET SQL_MODE = "NO_AUTO_VALUE_ON_ZERO";
SET time_zone = "+00:00";


/*!40101 SET @OLD_CHARACTER_SET_CLIENT=@@CHARACTER_SET_CLIENT */;
/*!40101 SET @OLD_CHARACTER_SET_RESULTS=@@CHARACTER_SET_RESULTS */;
/*!40101 SET @OLD_COLLATION_CONNECTION=@@COLLATION_CONNECTION */;
/*!40101 SET NAMES utf8 */;

--
-- Database: `es_db`
--

-- --------------------------------------------------------

--
-- Table structure for table `tbl_admins`
--

CREATE TABLE IF NOT EXISTS `tbl_admins` (
  `admin_id` varchar(100) NOT NULL,
  `lastname` varchar(60) NOT NULL,
  `firstname` varchar(60) NOT NULL,
  `middlename` varchar(60) NOT NULL,
  `department` varchar(100) NOT NULL,
  `years_in_company` varchar(100) NOT NULL,
  `position` varchar(100) NOT NULL,
  `job_level` varchar(100) NOT NULL,
  `year_applied` varchar(100) NOT NULL,
  `years_in_position` varchar(100) NOT NULL,
  `username` varchar(100) NOT NULL,
  `password` varchar(100) CHARACTER SET latin1 COLLATE latin1_general_cs NOT NULL,
  `password_temp` varchar(100) CHARACTER SET latin1 COLLATE latin1_general_cs NOT NULL,
  `userlevel` varchar(100) NOT NULL
) ENGINE=InnoDB DEFAULT CHARSET=latin1;

--
-- Dumping data for table `tbl_admins`
--

INSERT INTO `tbl_admins` (`admin_id`, `lastname`, `firstname`, `middlename`, `department`, `years_in_company`, `position`, `job_level`, `year_applied`, `years_in_position`, `username`, `password`, `password_temp`, `userlevel`) VALUES
('admin', 'Ayson', 'Justin Louise', 'Vinluan', 'College of Information Technology Education', '7', 'Dean', 'Regular', '2010', '7', 'admin', '21232f297a57a5a743894a0e4a801fc3', 'AYSON', 'ADMIN'),
('superadmin', 'Clauna', 'Levi Marion', 'Almazan', 'College of Health and Sciences', '7', 'Dean', 'Regular', '', '7', 'superadmin', '17c4520f6cfd1ab53d8745e84681eb49', 'CLAUNA', 'SUPERADMIN');

-- --------------------------------------------------------

--
-- Table structure for table `tbl_ans_eformp1`
--

CREATE TABLE IF NOT EXISTS `tbl_ans_eformp1` (
  `id` int(11) NOT NULL,
  `kraID` int(11) NOT NULL,
  `kpiTitle` varchar(30) NOT NULL,
  `kpiWeights` int(11) NOT NULL,
  `p1_rating` int(11) NOT NULL,
  `p1_weightedRating` float NOT NULL,
  `answeredBy` varchar(50) NOT NULL,
  `answeredFor` varchar(50) NOT NULL,
  `performanceCycle` varchar(50) NOT NULL
) ENGINE=InnoDB AUTO_INCREMENT=5 DEFAULT CHARSET=latin1;

--
-- Dumping data for table `tbl_ans_eformp1`
--

INSERT INTO `tbl_ans_eformp1` (`id`, `kraID`, `kpiTitle`, `kpiWeights`, `p1_rating`, `p1_weightedRating`, `answeredBy`, `answeredFor`, `performanceCycle`) VALUES
(1, 2, 'COMMUNICATION & COORDINATION', 25, 4, 1, 'admin', 'EMP-002', '10/2017-11/2017'),
(2, 3, 'OFFICE MANAGEMENT', 25, 3, 0.75, 'admin', 'EMP-002', '10/2017-11/2017'),
(3, 4, 'PREPARATION OF REPORTS', 25, 3, 0.75, 'admin', 'EMP-002', '10/2017-11/2017'),
(4, 5, 'CUSTOMER SERVICE', 25, 4, 1, 'admin', 'EMP-002', '10/2017-11/2017');

-- --------------------------------------------------------

--
-- Table structure for table `tbl_ans_eformp1kpi`
--

CREATE TABLE IF NOT EXISTS `tbl_ans_eformp1kpi` (
  `id` int(11) NOT NULL,
  `kpiID` int(11) NOT NULL,
  `kraID` int(11) NOT NULL,
  `kpiDesc` text NOT NULL,
  `answeredBy` varchar(50) NOT NULL,
  `answeredFor` varchar(50) NOT NULL,
  `performanceCycle` varchar(60) NOT NULL
) ENGINE=InnoDB AUTO_INCREMENT=15 DEFAULT CHARSET=latin1;

--
-- Dumping data for table `tbl_ans_eformp1kpi`
--

INSERT INTO `tbl_ans_eformp1kpi` (`id`, `kpiID`, `kraID`, `kpiDesc`, `answeredBy`, `answeredFor`, `performanceCycle`) VALUES
(1, 1, 2, 'Communicate announcements from key offices (e.g. Registrar, CSDL, HRD, OP) to teachers or students u', 'admin', 'EMP-002', '10/2017-11/2017'),
(2, 2, 2, 'Coordinate meetings and other activities within the college', 'admin', 'EMP-002', '10/2017-11/2017'),
(3, 3, 2, 'Coordinate with other offices for concerns from the college (e.g. Faculty load, room assignment, rep', 'admin', 'EMP-002', '10/2017-11/2017'),
(4, 4, 2, 'Supervise the student assistants designated to the college', 'admin', 'EMP-002', '10/2017-11/2017'),
(5, 1, 3, 'Organize office files and documents', 'admin', 'EMP-002', '10/2017-11/2017'),
(6, 2, 3, 'Supervise order and cleanliness in the office', 'admin', 'EMP-002', '10/2017-11/2017'),
(7, 3, 3, 'Regular inventory and update of office supplies', 'admin', 'EMP-002', '10/2017-11/2017'),
(8, 1, 4, 'Submit reports (e.g., Attendance, Completion of Grades) Â required by other offices (e.g., HRD, Regi', 'admin', 'EMP-002', '10/2017-11/2017'),
(9, 2, 4, 'Monitor facultys attendanceÂ ', 'admin', 'EMP-002', '10/2017-11/2017'),
(10, 3, 4, 'Compile and submit forms (e.g., Student Evaluation, Leave forms, Clearances) required by other offic', 'admin', 'EMP-002', '10/2017-11/2017'),
(11, 1, 5, 'Answer telephone calls and/or take messages', 'admin', 'EMP-002', '10/2017-11/2017'),
(12, 2, 5, 'Man the offices frontdesk to meet walk-in customers Â  Â Â ', 'admin', 'EMP-002', '10/2017-11/2017'),
(13, 3, 5, 'Arrange customers appointments with the Dean or faculty Â  Â ', 'admin', 'EMP-002', '10/2017-11/2017'),
(14, 4, 5, 'Handle data encoding duties during enrolment', 'admin', 'EMP-002', '10/2017-11/2017');

-- --------------------------------------------------------

--
-- Table structure for table `tbl_ans_eformp1_achievements`
--

CREATE TABLE IF NOT EXISTS `tbl_ans_eformp1_achievements` (
  `id` int(11) NOT NULL,
  `kraID` int(11) NOT NULL,
  `kpiAchievement` text NOT NULL,
  `answeredBy` varchar(50) NOT NULL,
  `answeredFor` varchar(50) NOT NULL,
  `performanceCycle` varchar(60) NOT NULL
) ENGINE=InnoDB AUTO_INCREMENT=15 DEFAULT CHARSET=latin1;

--
-- Dumping data for table `tbl_ans_eformp1_achievements`
--

INSERT INTO `tbl_ans_eformp1_achievements` (`id`, `kraID`, `kpiAchievement`, `answeredBy`, `answeredFor`, `performanceCycle`) VALUES
(1, 2, '', 'admin', 'EMP-002', '10/2017-11/2017'),
(2, 2, '', 'admin', 'EMP-002', '10/2017-11/2017'),
(3, 2, '', 'admin', 'EMP-002', '10/2017-11/2017'),
(4, 2, '', 'admin', 'EMP-002', '10/2017-11/2017'),
(5, 3, '', 'admin', 'EMP-002', '10/2017-11/2017'),
(6, 3, '', 'admin', 'EMP-002', '10/2017-11/2017'),
(7, 3, '', 'admin', 'EMP-002', '10/2017-11/2017'),
(8, 4, '', 'admin', 'EMP-002', '10/2017-11/2017'),
(9, 4, '', 'admin', 'EMP-002', '10/2017-11/2017'),
(10, 4, '', 'admin', 'EMP-002', '10/2017-11/2017'),
(11, 5, '', 'admin', 'EMP-002', '10/2017-11/2017'),
(12, 5, '', 'admin', 'EMP-002', '10/2017-11/2017'),
(13, 5, '', 'admin', 'EMP-002', '10/2017-11/2017'),
(14, 5, '', 'admin', 'EMP-002', '10/2017-11/2017');

-- --------------------------------------------------------

--
-- Table structure for table `tbl_ans_eformp2a`
--

CREATE TABLE IF NOT EXISTS `tbl_ans_eformp2a` (
  `id` int(11) NOT NULL,
  `competency` varchar(30) NOT NULL,
  `competencyDescription` text NOT NULL,
  `proficiencyLevel` varchar(35) NOT NULL,
  `p2_weights` int(11) NOT NULL,
  `p2_rating` int(11) NOT NULL,
  `p2_weightedRating` float NOT NULL,
  `answeredBy` varchar(50) NOT NULL,
  `answeredFor` varchar(50) NOT NULL,
  `performanceCycle` varchar(60) NOT NULL
) ENGINE=InnoDB AUTO_INCREMENT=5 DEFAULT CHARSET=latin1;

--
-- Dumping data for table `tbl_ans_eformp2a`
--

INSERT INTO `tbl_ans_eformp2a` (`id`, `competency`, `competencyDescription`, `proficiencyLevel`, `p2_weights`, `p2_rating`, `p2_weightedRating`, `answeredBy`, `answeredFor`, `performanceCycle`) VALUES
(1, 'Adaptability', '<p>The ability to adapt to the culture and environment of the school community. Able to adjust to changes and exhibits a positive attitude towards different situations.</p>\r\n', 'B -- Contributing with Expertise', 10, 3, 0, 'admin', 'EMP-002', '10/2017-11/2017'),
(2, 'Creativity and Innovation', '<p>The ability to provide creative or breakthrough solutions, improve existing conditions and processes using appropriate methods and approaches to identify opportunities, implement solutions, measure impact and serve customers.</p>\r\n', 'C -- Contribution through Teams/Pee', 10, 2, 0, 'admin', 'EMP-002', '10/2017-11/2017'),
(3, 'Customer Focus', '<p>The ability to focus efforts on determining, listening and meeting internal and external customer needs and develop mutually beneficial relationships with customers and business partners.</p>\r\n', 'C -- Contribution through Teams/Pee', 20, 4, 0, 'admin', 'EMP-002', '10/2017-11/2017'),
(4, 'Team Orientation', '<p>Able to effectively work, build mutual trust and respect and attain objectives in group settings. Promotes teamwork by individual understanding roles, accepting shared responsibility, define deliverables, share information and expertise, communicating and building consensus to achieve common goals.</p>\r\n', 'B -- Contributing with Expertise', 20, 3, 0, 'admin', 'EMP-002', '10/2017-11/2017');

-- --------------------------------------------------------

--
-- Table structure for table `tbl_ans_eformp2b`
--

CREATE TABLE IF NOT EXISTS `tbl_ans_eformp2b` (
  `id` int(11) NOT NULL,
  `competency` varchar(30) NOT NULL,
  `answeredBy` varchar(50) NOT NULL,
  `answeredFor` varchar(50) NOT NULL,
  `performanceCycle` varchar(60) NOT NULL
) ENGINE=InnoDB AUTO_INCREMENT=9 DEFAULT CHARSET=latin1;

--
-- Dumping data for table `tbl_ans_eformp2b`
--

INSERT INTO `tbl_ans_eformp2b` (`id`, `competency`, `answeredBy`, `answeredFor`, `performanceCycle`) VALUES
(1, 'Adaptability: ', 'admin', 'EMP-002', '10/2017-11/2017'),
(2, 'Creativity and Innovation: ', 'admin', 'EMP-002', '10/2017-11/2017'),
(3, 'Customer Focus: ', 'admin', 'EMP-002', '10/2017-11/2017'),
(4, 'Team Orientation: ', 'admin', 'EMP-002', '10/2017-11/2017'),
(5, 'Technical Knowledge: ', 'admin', 'EMP-002', '10/2017-11/2017'),
(6, 'Leadership Excellence: ', 'admin', 'EMP-002', '10/2017-11/2017'),
(7, 'Management Excellence: ', 'admin', 'EMP-002', '10/2017-11/2017'),
(8, 'People Development: ', 'admin', 'EMP-002', '10/2017-11/2017');

-- --------------------------------------------------------

--
-- Table structure for table `tbl_ans_eformp2b_critical_incident`
--

CREATE TABLE IF NOT EXISTS `tbl_ans_eformp2b_critical_incident` (
  `id` int(11) NOT NULL,
  `competencyName` varchar(30) NOT NULL,
  `criticalIncident` text NOT NULL,
  `answeredBy` varchar(50) NOT NULL,
  `answeredFor` varchar(50) NOT NULL,
  `performanceCycle` varchar(60) NOT NULL
) ENGINE=InnoDB DEFAULT CHARSET=latin1;

--
-- Dumping data for table `tbl_ans_eformp2b_critical_incident`
--

INSERT INTO `tbl_ans_eformp2b_critical_incident` (`id`, `competencyName`, `criticalIncident`, `answeredBy`, `answeredFor`, `performanceCycle`) VALUES
(1, 'Adaptability', 'Critical Incident #1: ', 'admin', 'EMP-002', '10/2017-11/2017'),
(2, 'Adaptability', 'Critical Incident #2: ', 'admin', 'EMP-002', '10/2017-11/2017'),
(3, 'Adaptability', 'Critical Incident #3: ', 'admin', 'EMP-002', '10/2017-11/2017'),
(1, 'Creativity and Innovation', 'Critical Incident #1: ', 'admin', 'EMP-002', '10/2017-11/2017'),
(2, 'Creativity and Innovation', 'Critical Incident #2: ', 'admin', 'EMP-002', '10/2017-11/2017'),
(3, 'Creativity and Innovation', 'Critical Incident #3: ', 'admin', 'EMP-002', '10/2017-11/2017'),
(1, 'Customer Focus', 'Critical Incident #1: ', 'admin', 'EMP-002', '10/2017-11/2017'),
(2, 'Customer Focus', 'Critical Incident #2: ', 'admin', 'EMP-002', '10/2017-11/2017'),
(3, 'Customer Focus', 'Critical Incident #3: ', 'admin', 'EMP-002', '10/2017-11/2017'),
(1, 'Team Orientation', 'Critical Incident #1: ', 'admin', 'EMP-002', '10/2017-11/2017'),
(2, 'Team Orientation', 'Critical Incident #2: ', 'admin', 'EMP-002', '10/2017-11/2017'),
(3, 'Team Orientation', 'Critical Incident #3: ', 'admin', 'EMP-002', '10/2017-11/2017'),
(1, 'Technical Knowledge', 'Critical Incident #1: ', 'admin', 'EMP-002', '10/2017-11/2017'),
(2, 'Technical Knowledge', 'Critical Incident #2: ', 'admin', 'EMP-002', '10/2017-11/2017'),
(3, 'Technical Knowledge', 'Critical Incident #3: ', 'admin', 'EMP-002', '10/2017-11/2017'),
(1, 'Leadership Excellence', 'Critical Incident #1: ', 'admin', 'EMP-002', '10/2017-11/2017'),
(2, 'Leadership Excellence', 'Critical Incident #2: ', 'admin', 'EMP-002', '10/2017-11/2017'),
(3, 'Leadership Excellence', 'Critical Incident #3: ', 'admin', 'EMP-002', '10/2017-11/2017'),
(1, 'Management Excellence', 'Critical Incident #1: ', 'admin', 'EMP-002', '10/2017-11/2017'),
(2, 'Management Excellence', 'Critical Incident #2: ', 'admin', 'EMP-002', '10/2017-11/2017'),
(3, 'Management Excellence', 'Critical Incident #3: ', 'admin', 'EMP-002', '10/2017-11/2017'),
(1, 'People Development', 'Critical Incident #1: ', 'admin', 'EMP-002', '10/2017-11/2017'),
(2, 'People Development', 'Critical Incident #2: ', 'admin', 'EMP-002', '10/2017-11/2017'),
(3, 'People Development', 'Critical Incident #3: ', 'admin', 'EMP-002', '10/2017-11/2017');

-- --------------------------------------------------------

--
-- Table structure for table `tbl_ans_eformp3`
--

CREATE TABLE IF NOT EXISTS `tbl_ans_eformp3` (
  `id` int(11) NOT NULL,
  `areas` varchar(25) NOT NULL,
  `score` int(11) NOT NULL,
  `answeredBy` varchar(60) NOT NULL,
  `answeredFor` varchar(60) NOT NULL,
  `performanceCycle` varchar(60) NOT NULL
) ENGINE=InnoDB AUTO_INCREMENT=5 DEFAULT CHARSET=latin1;

--
-- Dumping data for table `tbl_ans_eformp3`
--

INSERT INTO `tbl_ans_eformp3` (`id`, `areas`, `score`, `answeredBy`, `answeredFor`, `performanceCycle`) VALUES
(1, 'DISCIPLINE', 0, 'admin', 'EMP-002', '10/2017-11/2017'),
(2, 'DISCIPLINE', 0, 'admin', 'EMP-002', '10/2017-11/2017'),
(3, 'DISCIPLINE', 0, 'admin', 'EMP-002', '10/2017-11/2017'),
(4, 'DISCIPLINE', 0, 'admin', 'EMP-002', '10/2017-11/2017');

-- --------------------------------------------------------

--
-- Table structure for table `tbl_ans_eformp3_rubric`
--

CREATE TABLE IF NOT EXISTS `tbl_ans_eformp3_rubric` (
  `id` int(11) NOT NULL,
  `areaName` varchar(100) NOT NULL,
  `rubricDesc` varchar(200) NOT NULL,
  `answeredBy` varchar(60) NOT NULL,
  `answeredFor` varchar(60) NOT NULL,
  `performanceCycle` varchar(60) NOT NULL
) ENGINE=InnoDB DEFAULT CHARSET=latin1;

--
-- Dumping data for table `tbl_ans_eformp3_rubric`
--

INSERT INTO `tbl_ans_eformp3_rubric` (`id`, `areaName`, `rubricDesc`, `answeredBy`, `answeredFor`, `performanceCycle`) VALUES
(4, 'DISCIPLINE', 'Has zero record of disciplinary action on offenses other than the above policies', 'admin', 'EMP-002', '10/2017-11/2017'),
(3, 'DISCIPLINE', 'Has received one (1) disciplinary action on a minor offense not related to attendance/punctuality', 'admin', 'EMP-002', '10/2017-11/2017'),
(2, 'DISCIPLINE', 'Has received two (2) disciplinary action on minor offenses not related to attendance/punctuality', 'admin', 'EMP-002', '10/2017-11/2017'),
(1, 'DISCIPLINE', 'Has received more than two (2) disciplinary action on minor offenses or one (1) major offense not related to attendance/punctuality', 'admin', 'EMP-002', '10/2017-11/2017'),
(4, 'ATTENDANCE', ' Perfect attendance; OR has not exceeded the total leave credits entitlement.', 'admin', 'EMP-002', '10/2017-11/2017'),
(3, 'ATTENDANCE', 'Has exceeded available leave credits.', 'admin', 'EMP-002', '10/2017-11/2017'),
(2, 'ATTENDANCE', 'Has exceeded the allowable hours/frequency of tardiness', 'admin', 'EMP-002', '10/2017-11/2017'),
(1, 'ATTENDANCE', 'Has received a disciplinary action related to tardiness/undertime; OR habitually tardy', 'admin', 'EMP-002', '10/2017-11/2017'),
(4, 'PUNCTUALITY', 'Has never been late and no occurrence of undertime.', 'admin', 'EMP-002', '10/2017-11/2017'),
(3, 'PUNCTUALITY', 'Has not exceeded the allowable hours/frequency of tardiness and/or undertime', 'admin', 'EMP-002', '10/2017-11/2017'),
(2, 'PUNCTUALITY', 'Has exceeded the allowable hours/frequency of tardiness', 'admin', 'EMP-002', '10/2017-11/2017'),
(1, 'PUNCTUALITY', 'Has received a disciplinary action related to tardiness/undertime; OR habitually tardy', 'admin', 'EMP-002', '10/2017-11/2017'),
(4, 'COMPLETION OF TRAINING', 'Has successfully completed all the required training/seminars', 'admin', 'EMP-002', '10/2017-11/2017'),
(3, 'COMPLETION OF TRAINING', 'Has failed to complete one (1) training/seminar due to justifiable reason.', 'admin', 'EMP-002', '10/2017-11/2017'),
(2, 'COMPLETION OF TRAINING', 'Has failed to complete two (2) training/seminars due to justifiable reason.', 'admin', 'EMP-002', '10/2017-11/2017'),
(1, 'COMPLETION OF TRAINING', 'Has failed to complete any seminar without justifiable cause.', 'admin', 'EMP-002', '10/2017-11/2017');

-- --------------------------------------------------------

--
-- Table structure for table `tbl_competencyratingscale`
--

CREATE TABLE IF NOT EXISTS `tbl_competencyratingscale` (
  `id` int(11) NOT NULL,
  `competency_rating_value` varchar(100) NOT NULL,
  `competency_title` varchar(100) NOT NULL,
  `competency_description` varchar(100) NOT NULL
) ENGINE=InnoDB AUTO_INCREMENT=9 DEFAULT CHARSET=latin1;

--
-- Dumping data for table `tbl_competencyratingscale`
--

INSERT INTO `tbl_competencyratingscale` (`id`, `competency_rating_value`, `competency_title`, `competency_description`) VALUES
(3, '4', 'Expert/Exemplary', '(Evaluation; Defines Framework Modes; Mentor, Self - Actualization)'),
(4, '3', 'Advanced/Accomplished', '(Analysis; Synthesis; Understands Framework Models, Exceeds)'),
(5, '2', 'Intermediate/Developing', '(Unsupervised Application; Beginning Analysis, Meets)'),
(6, '1', 'Beginner', '(Comprehension; Beginning Application; Some Experience, Meets some)'),
(7, 'NE', '', 'Early stages of application of the item; Behavior not yet present.'),
(8, 'NA', '', 'The item does not apply to your position or performance of assigned tasks and responsibilities.');

-- --------------------------------------------------------

--
-- Table structure for table `tbl_dateevaluation`
--

CREATE TABLE IF NOT EXISTS `tbl_dateevaluation` (
  `startDate` varchar(11) NOT NULL,
  `endDate` varchar(11) NOT NULL
) ENGINE=InnoDB DEFAULT CHARSET=latin1;

--
-- Dumping data for table `tbl_dateevaluation`
--

INSERT INTO `tbl_dateevaluation` (`startDate`, `endDate`) VALUES
('10/2017', '11/2017');

-- --------------------------------------------------------

--
-- Table structure for table `tbl_datekpi`
--

CREATE TABLE IF NOT EXISTS `tbl_datekpi` (
  `startDate` varchar(11) NOT NULL,
  `endDate` varchar(11) NOT NULL
) ENGINE=InnoDB DEFAULT CHARSET=latin1;

--
-- Dumping data for table `tbl_datekpi`
--

INSERT INTO `tbl_datekpi` (`startDate`, `endDate`) VALUES
('08/2017', '09/2017');

-- --------------------------------------------------------

--
-- Table structure for table `tbl_departments`
--

CREATE TABLE IF NOT EXISTS `tbl_departments` (
  `id` int(11) NOT NULL,
  `department_name` varchar(100) NOT NULL,
  `initials` varchar(100) NOT NULL,
  `kpiStatus` varchar(10) NOT NULL DEFAULT 'PENDING',
  `departmentOwner` varchar(100) NOT NULL,
  `monitor` varchar(6) NOT NULL DEFAULT 'unread'
) ENGINE=InnoDB AUTO_INCREMENT=2 DEFAULT CHARSET=latin1;

--
-- Dumping data for table `tbl_departments`
--

INSERT INTO `tbl_departments` (`id`, `department_name`, `initials`, `kpiStatus`, `departmentOwner`, `monitor`) VALUES
(1, 'College of Information Technology Education', 'CITE', 'APPROVED', 'admin', 'read');

-- --------------------------------------------------------

--
-- Table structure for table `tbl_eformp1`
--

CREATE TABLE IF NOT EXISTS `tbl_eformp1` (
  `kraID` int(11) NOT NULL,
  `kpiTitle` varchar(30) NOT NULL,
  `kpiWeight` int(11) NOT NULL,
  `kpiOwner` varchar(60) NOT NULL,
  `kpiDateCreated` varchar(11) NOT NULL,
  `kpiStatus` varchar(10) NOT NULL
) ENGINE=InnoDB DEFAULT CHARSET=latin1;

--
-- Dumping data for table `tbl_eformp1`
--

INSERT INTO `tbl_eformp1` (`kraID`, `kpiTitle`, `kpiWeight`, `kpiOwner`, `kpiDateCreated`, `kpiStatus`) VALUES
(1, 'Leadership', 0, 'ADMIN-2', '', 'PENDING'),
(2, 'COMMUNICATION & COORDINATION', 25, 'admin', '', 'APPROVED'),
(3, 'OFFICE MANAGEMENT', 25, 'admin', '', 'APPROVED'),
(4, 'PREPARATION OF REPORTS', 25, 'admin', '', 'APPROVED'),
(5, 'CUSTOMER SERVICE', 25, 'admin', '', 'APPROVED'),
(6, 'COMMUNICATION', 0, 'EMP-001', '', 'SENT'),
(7, '2', 0, 'EMP-001', '', 'SENT'),
(8, '3', 0, 'EMP-001', '', 'SENT'),
(9, '4', 0, 'EMP-001', '', 'SENT');

-- --------------------------------------------------------

--
-- Table structure for table `tbl_eformp2a`
--

CREATE TABLE IF NOT EXISTS `tbl_eformp2a` (
  `id` int(11) NOT NULL,
  `competency` text NOT NULL,
  `competencyDesc` varchar(500) NOT NULL,
  `requiredProfLevel` varchar(50) NOT NULL,
  `weights` float NOT NULL,
  `rating` int(2) NOT NULL,
  `weightedRating` float NOT NULL
) ENGINE=InnoDB AUTO_INCREMENT=16 DEFAULT CHARSET=latin1;

--
-- Dumping data for table `tbl_eformp2a`
--

INSERT INTO `tbl_eformp2a` (`id`, `competency`, `competencyDesc`, `requiredProfLevel`, `weights`, `rating`, `weightedRating`) VALUES
(9, 'Adaptability', '<p>The ability to adapt to the culture and environment of the school community. Able to adjust to changes and exhibits a positive attitude towards different situations.</p>\r\n', 'B -- Contributing with Expertise', 10, 0, 0),
(10, 'Creativity and Innovation', '<p>The ability to provide creative or breakthrough solutions, improve existing conditions and processes using appropriate methods and approaches to identify opportunities, implement solutions, measure impact and serve customers.</p>\r\n', 'C -- Contribution through Teams/Peers', 10, 0, 0),
(11, 'Customer Focus', '<p>The ability to focus efforts on determining, listening and meeting internal and external customer needs and develop mutually beneficial relationships with customers and business partners.</p>\r\n', 'C -- Contribution through Teams/Peers', 20, 0, 0),
(12, 'Team Orientation', '<p>Able to effectively work, build mutual trust and respect and attain objectives in group settings. Promotes teamwork by individual understanding roles, accepting shared responsibility, define deliverables, share information and expertise, communicating and building consensus to achieve common goals.</p>\r\n', 'B -- Contributing with Expertise', 20, 0, 0),
(13, 'Technical Knowledge', '<p>Possession and acquisition of sets of skills and knowledge in a function or industry to continually his/her contribution to the firm and to his/her respective profession. Demonstrates a commitment to learning by proactively seeking opportunities to develop new capabilities, skills, and knowledge.</p>\r\n', 'B -- Contributing with Expertise', 10, 0, 0),
(14, 'Leadership Excellence', '<p>Upholds values and ethics. Attracts, motivates and inspires people to maximize performance, achieve organizational objectives and help realize full potential</p>\r\n', 'C -- Contribution through Teams/Peers', 10, 0, 0),
(15, 'Management Excellence', '<p>Broad understanding of the company&#39;s various businesses and its key stakeholders. Designs and executes plan to allow people to achieve results and maximizing effectiveness and sustainability of human, financial, and environmental resources.</p>\r\n', 'B -- Contributing with Expertise', 10, 0, 0);

-- --------------------------------------------------------

--
-- Table structure for table `tbl_eformp2b`
--

CREATE TABLE IF NOT EXISTS `tbl_eformp2b` (
  `id` int(11) NOT NULL,
  `competency` varchar(200) NOT NULL
) ENGINE=InnoDB AUTO_INCREMENT=10 DEFAULT CHARSET=latin1;

--
-- Dumping data for table `tbl_eformp2b`
--

INSERT INTO `tbl_eformp2b` (`id`, `competency`) VALUES
(2, 'Adaptability'),
(3, 'Creativity and Innovation'),
(4, 'Customer Focus'),
(5, 'Team Orientation'),
(6, 'Technical Knowledge'),
(7, 'Leadership Excellence'),
(8, 'Management Excellence'),
(9, 'People Development');

-- --------------------------------------------------------

--
-- Table structure for table `tbl_eformp3`
--

CREATE TABLE IF NOT EXISTS `tbl_eformp3` (
  `id` int(11) NOT NULL,
  `areas` varchar(25) NOT NULL
) ENGINE=InnoDB AUTO_INCREMENT=5 DEFAULT CHARSET=latin1;

--
-- Dumping data for table `tbl_eformp3`
--

INSERT INTO `tbl_eformp3` (`id`, `areas`) VALUES
(1, 'DISCIPLINE'),
(2, 'ATTENDANCE'),
(3, 'PUNCTUALITY'),
(4, 'COMPLETION OF TRAINING');

-- --------------------------------------------------------

--
-- Table structure for table `tbl_eformp4`
--

CREATE TABLE IF NOT EXISTS `tbl_eformp4` (
  `id` int(11) NOT NULL,
  `areas` varchar(30) NOT NULL,
  `customerFeedback` varchar(100) NOT NULL,
  `respondentScore` int(2) NOT NULL,
  `ratingFactor` float NOT NULL
) ENGINE=InnoDB AUTO_INCREMENT=5 DEFAULT CHARSET=latin1;

--
-- Dumping data for table `tbl_eformp4`
--

INSERT INTO `tbl_eformp4` (`id`, `areas`, `customerFeedback`, `respondentScore`, `ratingFactor`) VALUES
(1, 'April - June', '', 0, 0),
(2, 'July - September', '', 0, 0),
(3, 'October-December', '', 0, 0),
(4, 'January-March', '', 0, 0);

-- --------------------------------------------------------

--
-- Table structure for table `tbl_evaluation_results`
--

CREATE TABLE IF NOT EXISTS `tbl_evaluation_results` (
  `id` int(11) NOT NULL,
  `emp_id` varchar(60) NOT NULL,
  `employee_firstName` varchar(60) NOT NULL,
  `employee_middleName` varchar(60) NOT NULL,
  `employee_lastName` varchar(60) NOT NULL,
  `employee_department` varchar(60) NOT NULL,
  `employee_position` varchar(30) NOT NULL,
  `employee_job_level` varchar(30) NOT NULL,
  `employee_years_company` int(11) NOT NULL,
  `employee_years_position` int(11) NOT NULL,
  `evaluationStatus` varchar(30) NOT NULL DEFAULT 'PROCESSING',
  `answeredBy` varchar(60) NOT NULL,
  `performanceCycle` varchar(60) NOT NULL
) ENGINE=InnoDB AUTO_INCREMENT=3 DEFAULT CHARSET=latin1;

--
-- Dumping data for table `tbl_evaluation_results`
--

INSERT INTO `tbl_evaluation_results` (`id`, `emp_id`, `employee_firstName`, `employee_middleName`, `employee_lastName`, `employee_department`, `employee_position`, `employee_job_level`, `employee_years_company`, `employee_years_position`, `evaluationStatus`, `answeredBy`, `performanceCycle`) VALUES
(2, 'EMP-002', 'Janessa', 'Carino', 'Estayo', 'College of Information Technology Education', 'Secretary', 'Regular', 3, 3, 'PROCESSING', 'admin', '10/2017-11/2017');

-- --------------------------------------------------------

--
-- Table structure for table `tbl_kpiratingscale`
--

CREATE TABLE IF NOT EXISTS `tbl_kpiratingscale` (
  `id` int(11) NOT NULL,
  `rating_value` varchar(100) NOT NULL,
  `description` varchar(100) NOT NULL,
  `weighted_rating` varchar(100) NOT NULL
) ENGINE=InnoDB AUTO_INCREMENT=19 DEFAULT CHARSET=latin1;

--
-- Dumping data for table `tbl_kpiratingscale`
--

INSERT INTO `tbl_kpiratingscale` (`id`, `rating_value`, `description`, `weighted_rating`) VALUES
(15, '4', 'Exceeds Expectations (Performs above standards all the time)', '1'),
(16, '3', 'Meets Expectations (Solid, consistent performance; Generally meets standards)', '0.75'),
(17, '2', 'Needs Improvement (Frequently fails to meet standards)', '0.5'),
(18, '1', 'Unacceptable (Performance is below job requirements and needs)', '0.25');

-- --------------------------------------------------------

--
-- Table structure for table `tbl_notification`
--

CREATE TABLE IF NOT EXISTS `tbl_notification` (
  `id` int(11) NOT NULL,
  `notification` varchar(100) NOT NULL,
  `sendBy` varchar(10) NOT NULL,
  `status` varchar(10) NOT NULL,
  `timeStamp` timestamp NOT NULL DEFAULT CURRENT_TIMESTAMP ON UPDATE CURRENT_TIMESTAMP
) ENGINE=InnoDB AUTO_INCREMENT=5 DEFAULT CHARSET=latin1;

--
-- Dumping data for table `tbl_notification`
--

INSERT INTO `tbl_notification` (`id`, `notification`, `sendBy`, `status`, `timeStamp`) VALUES
(1, 'College of Information Technology Education Sent a KPI', 'admin', 'read', '2017-09-03 12:57:59'),
(2, 'College of Information Technology Education Sent a KPI', 'admin', 'read', '2017-09-03 13:47:21'),
(3, 'College of Information Technology Education Sent a KPI', 'admin', 'read', '2017-09-03 14:23:59'),
(4, 'College of Information Technology Education Sent a KPI', 'admin', 'read', '2017-09-03 15:54:33');

-- --------------------------------------------------------

--
-- Table structure for table `tbl_notification_user`
--

CREATE TABLE IF NOT EXISTS `tbl_notification_user` (
  `id` int(11) NOT NULL,
  `notification` varchar(100) NOT NULL,
  `sendBy` varchar(10) NOT NULL,
  `status` varchar(10) NOT NULL,
  `owner` varchar(60) NOT NULL,
  `timeStamp` timestamp NOT NULL DEFAULT CURRENT_TIMESTAMP ON UPDATE CURRENT_TIMESTAMP
) ENGINE=InnoDB AUTO_INCREMENT=36 DEFAULT CHARSET=latin1;

--
-- Dumping data for table `tbl_notification_user`
--

INSERT INTO `tbl_notification_user` (`id`, `notification`, `sendBy`, `status`, `owner`, `timeStamp`) VALUES
(1, 'APPROVED YOUR KRA', 'superadmin', 'unread', '', '2017-09-03 13:06:40'),
(2, 'APPROVED YOUR KRA', 'superadmin', 'unread', '', '2017-09-03 13:21:22'),
(3, 'APPROVED YOUR KRA', 'superadmin', 'unread', '', '2017-09-03 13:45:14'),
(4, 'APPROVED YOUR KRA', 'superadmin', 'unread', '', '2017-09-03 13:45:28'),
(5, 'APPROVED YOUR KRA', 'superadmin', 'unread', '', '2017-09-03 13:45:40'),
(6, 'APPROVED YOUR KRA', 'superadmin', 'unread', '', '2017-09-03 13:45:45'),
(7, 'APPROVED YOUR KRA', 'superadmin', 'unread', '', '2017-09-03 13:47:26'),
(8, 'APPROVED YOUR KRA', 'superadmin', 'unread', '', '2017-09-03 13:47:40'),
(9, 'APPROVED YOUR KRA', 'superadmin', 'unread', '', '2017-09-03 13:48:18'),
(10, 'APPROVED YOUR KRA', 'superadmin', 'unread', '', '2017-09-03 13:49:39'),
(11, 'APPROVED YOUR KRA', 'superadmin', 'unread', '', '2017-09-03 13:49:43'),
(12, 'APPROVED YOUR KRA', 'superadmin', 'unread', '', '2017-09-03 14:26:50'),
(13, 'APPROVED YOUR KRA', 'superadmin', 'unread', '', '2017-09-03 14:41:59'),
(14, 'APPROVED YOUR KRA', 'superadmin', 'unread', '', '2017-09-03 14:51:55'),
(15, 'APPROVED YOUR KRA', 'superadmin', 'unread', '', '2017-09-03 15:33:47'),
(16, 'APPROVED YOUR KRA', 'superadmin', 'unread', '', '2017-09-03 15:56:57'),
(17, 'APPROVED YOUR KRA', 'superadmin', 'unread', '', '2017-09-03 15:57:42'),
(18, 'APPROVED YOUR KRA', 'superadmin', 'unread', '', '2017-09-03 16:06:26'),
(19, 'APPROVED YOUR KRA', 'superadmin', 'unread', '', '2017-09-03 16:06:32'),
(20, 'APPROVED YOUR KRA', 'superadmin', 'unread', '', '2017-09-03 16:06:49'),
(21, 'APPROVED YOUR KRA', 'superadmin', 'unread', '', '2017-09-03 16:09:27'),
(22, 'APPROVED YOUR KRA', 'superadmin', 'unread', '', '2017-09-03 16:10:11'),
(23, 'APPROVED YOUR KRA', 'superadmin', 'unread', '', '2017-09-03 16:10:36'),
(24, 'APPROVED YOUR KRA', 'superadmin', 'unread', '', '2017-09-03 16:14:56'),
(25, 'APPROVED YOUR KRA', 'superadmin', 'unread', '', '2017-09-03 16:15:12'),
(26, 'APPROVED YOUR KRA', 'superadmin', 'unread', '', '2017-09-03 16:15:24'),
(27, 'APPROVED YOUR KRA', 'superadmin', 'unread', '', '2017-09-03 16:15:39'),
(28, 'APPROVED YOUR KRA', 'superadmin', 'unread', '', '2017-09-03 16:16:12'),
(29, 'APPROVED YOUR KRA', 'superadmin', 'unread', '', '2017-09-03 16:16:18'),
(30, 'APPROVED YOUR KRA', 'superadmin', 'unread', '', '2017-09-03 16:38:45'),
(31, 'APPROVED YOUR KRA', 'superadmin', 'unread', '', '2017-09-03 16:39:12'),
(32, 'APPROVED YOUR KRA', 'superadmin', 'unread', '', '2017-09-03 16:39:35'),
(33, 'APPROVED YOUR KRA', 'superadmin', 'unread', '', '2017-09-03 16:39:50'),
(34, 'APPROVED YOUR KRA', 'superadmin', 'unread', '', '2017-09-03 16:40:16'),
(35, 'APPROVED YOUR KRA', 'superadmin', 'unread', '', '2017-09-04 10:32:47');

-- --------------------------------------------------------

--
-- Table structure for table `tbl_p1kpi`
--

CREATE TABLE IF NOT EXISTS `tbl_p1kpi` (
  `kraID` int(11) NOT NULL,
  `kpiID` int(11) NOT NULL,
  `kpiDesc` varchar(100) NOT NULL,
  `kpiOwner` varchar(100) NOT NULL,
  `kpiDate` varchar(11) NOT NULL,
  `kpiStatus` varchar(100) NOT NULL
) ENGINE=InnoDB DEFAULT CHARSET=latin1;

--
-- Dumping data for table `tbl_p1kpi`
--

INSERT INTO `tbl_p1kpi` (`kraID`, `kpiID`, `kpiDesc`, `kpiOwner`, `kpiDate`, `kpiStatus`) VALUES
(2, 1, 'Communicate announcements from key offices (e.g. Registrar, CSDL, HRD, OP) to teachers or students u', 'admin', '', 'APPROVED'),
(2, 2, 'Coordinate meetings and other activities within the college', 'admin', '', 'APPROVED'),
(2, 3, 'Coordinate with other offices for concerns from the college (e.g. Faculty load, room assignment, rep', 'admin', '', 'APPROVED'),
(2, 4, 'Supervise the student assistants designated to the college', 'admin', '', 'APPROVED'),
(3, 1, 'Organize office files and documents', 'admin', '', 'APPROVED'),
(3, 2, 'Supervise order and cleanliness in the office', 'admin', '', 'APPROVED'),
(3, 3, 'Regular inventory and update of office supplies', 'admin', '', 'APPROVED'),
(4, 1, 'Submit reports (e.g., Attendance, Completion of Grades) Â required by other offices (e.g., HRD, Regi', 'admin', '', 'APPROVED'),
(4, 2, 'Monitor facultys attendanceÂ ', 'admin', '', 'APPROVED'),
(4, 3, 'Compile and submit forms (e.g., Student Evaluation, Leave forms, Clearances) required by other offic', 'admin', '', 'APPROVED'),
(5, 1, 'Answer telephone calls and/or take messages', 'admin', '', 'APPROVED'),
(5, 2, 'Man the offices frontdesk to meet walk-in customers Â  Â Â ', 'admin', '', 'APPROVED'),
(5, 3, 'Arrange customers appointments with the Dean or faculty Â  Â ', 'admin', '', 'APPROVED'),
(5, 4, 'Handle data encoding duties during enrolment', 'admin', '', 'APPROVED'),
(6, 1, 'knows how to speak english', 'EMP-001', '', 'PENDING'),
(6, 2, 'tagalog', 'EMP-001', '', 'PENDING');

-- --------------------------------------------------------

--
-- Table structure for table `tbl_p2bcritinc`
--

CREATE TABLE IF NOT EXISTS `tbl_p2bcritinc` (
  `id` int(11) NOT NULL,
  `competencyName` varchar(60) NOT NULL,
  `criticalIncident` varchar(50) NOT NULL
) ENGINE=InnoDB DEFAULT CHARSET=latin1;

--
-- Dumping data for table `tbl_p2bcritinc`
--

INSERT INTO `tbl_p2bcritinc` (`id`, `competencyName`, `criticalIncident`) VALUES
(1, 'ss', 'Critical Incident'),
(2, 'ss', 'Critical Incident'),
(3, 'ss', 'Critical Incident'),
(1, 'Adaptability', 'Critical Incident'),
(2, 'Adaptability', 'Critical Incident'),
(3, 'Adaptability', 'Critical Incident'),
(1, 'Creativity and Innovation', 'Critical Incident'),
(2, 'Creativity and Innovation', 'Critical Incident'),
(3, 'Creativity and Innovation', 'Critical Incident'),
(1, 'Customer Focus', 'Critical Incident'),
(2, 'Customer Focus', 'Critical Incident'),
(3, 'Customer Focus', 'Critical Incident'),
(1, 'Team Orientation', 'Critical Incident'),
(2, 'Team Orientation', 'Critical Incident'),
(3, 'Team Orientation', 'Critical Incident'),
(1, 'Technical Knowledge', 'Critical Incident'),
(2, 'Technical Knowledge', 'Critical Incident'),
(3, 'Technical Knowledge', 'Critical Incident'),
(1, 'Leadership Excellence', 'Critical Incident'),
(2, 'Leadership Excellence', 'Critical Incident'),
(3, 'Leadership Excellence', 'Critical Incident'),
(1, 'Management Excellence', 'Critical Incident'),
(2, 'Management Excellence', 'Critical Incident'),
(3, 'Management Excellence', 'Critical Incident'),
(1, 'People Development', 'Critical Incident'),
(2, 'People Development', 'Critical Incident'),
(3, 'People Development', 'Critical Incident');

-- --------------------------------------------------------

--
-- Table structure for table `tbl_p3rubric`
--

CREATE TABLE IF NOT EXISTS `tbl_p3rubric` (
  `id` int(11) NOT NULL,
  `areaName` varchar(100) NOT NULL,
  `rubricDesc` varchar(200) NOT NULL
) ENGINE=InnoDB DEFAULT CHARSET=latin1;

--
-- Dumping data for table `tbl_p3rubric`
--

INSERT INTO `tbl_p3rubric` (`id`, `areaName`, `rubricDesc`) VALUES
(4, 'DISCIPLINE', 'Has zero record of disciplinary action on offenses other than the above policies'),
(3, 'DISCIPLINE', 'Has received one (1) disciplinary action on a minor offense not related to attendance/punctuality'),
(2, 'DISCIPLINE', 'Has received two (2) disciplinary action on minor offenses not related to attendance/punctuality'),
(1, 'DISCIPLINE', 'Has received more than two (2) disciplinary action on minor offenses or one (1) major offense not related to attendance/punctuality'),
(4, 'ATTENDANCE', ' Perfect attendance; OR has not exceeded the total leave credits entitlement.'),
(3, 'ATTENDANCE', 'Has exceeded available leave credits.'),
(2, 'ATTENDANCE', 'Has exceeded the allowable hours/frequency of tardiness'),
(1, 'ATTENDANCE', 'Has received a disciplinary action related to tardiness/undertime; OR habitually tardy'),
(4, 'PUNCTUALITY', 'Has never been late and no occurrence of undertime.'),
(3, 'PUNCTUALITY', 'Has not exceeded the allowable hours/frequency of tardiness and/or undertime'),
(2, 'PUNCTUALITY', 'Has exceeded the allowable hours/frequency of tardiness'),
(1, 'PUNCTUALITY', 'Has received a disciplinary action related to tardiness/undertime; OR habitually tardy'),
(4, 'COMPLETION OF TRAINING', 'Has successfully completed all the required training/seminars'),
(3, 'COMPLETION OF TRAINING', 'Has failed to complete one (1) training/seminar due to justifiable reason.'),
(2, 'COMPLETION OF TRAINING', 'Has failed to complete two (2) training/seminars due to justifiable reason.'),
(1, 'COMPLETION OF TRAINING', 'Has failed to complete any seminar without justifiable cause.'),
(4, 'Test me', 'Has zero record of disciplinary action on offenses other than the above policies');

-- --------------------------------------------------------

--
-- Table structure for table `tbl_proficiency_level`
--

CREATE TABLE IF NOT EXISTS `tbl_proficiency_level` (
  `id` int(100) NOT NULL,
  `initials` varchar(100) NOT NULL,
  `title` varchar(100) NOT NULL,
  `content` varchar(100) NOT NULL
) ENGINE=InnoDB AUTO_INCREMENT=8 DEFAULT CHARSET=latin1;

--
-- Dumping data for table `tbl_proficiency_level`
--

INSERT INTO `tbl_proficiency_level` (`id`, `initials`, `title`, `content`) VALUES
(1, 'A', 'Contributing Independently', 'Learner-Doer. Individual contributor. Follower, team-player, Customer touchpoint'),
(3, 'B', 'Contributing with Expertise', 'Specialist. Expert Implementor. Customer Advocate. Problem Solver'),
(4, 'C', 'Contribution through Teams/Peers', 'Project Leader. Idea Leader. Technical Troubleshooter. Coach'),
(5, 'D', 'Contributing through Strategy Building', 'Navigator. Idea Innovator. Leader Developer. Mission Advocate.'),
(6, 'NE', '', 'Early stages of application of the item; Behavior not yet present'),
(7, 'NA', '', 'The item does not apply to your position or performance of assigned tasks and responsibilities');

-- --------------------------------------------------------

--
-- Table structure for table `tbl_settingsp2a`
--

CREATE TABLE IF NOT EXISTS `tbl_settingsp2a` (
  `criticalIncidentCount` int(2) NOT NULL
) ENGINE=InnoDB DEFAULT CHARSET=latin1;

--
-- Dumping data for table `tbl_settingsp2a`
--

INSERT INTO `tbl_settingsp2a` (`criticalIncidentCount`) VALUES
(3);

-- --------------------------------------------------------

--
-- Table structure for table `tbl_settingsp3`
--

CREATE TABLE IF NOT EXISTS `tbl_settingsp3` (
  `rubricCount` int(11) NOT NULL
) ENGINE=InnoDB DEFAULT CHARSET=latin1;

--
-- Dumping data for table `tbl_settingsp3`
--

INSERT INTO `tbl_settingsp3` (`rubricCount`) VALUES
(4);

-- --------------------------------------------------------

--
-- Table structure for table `tbl_sog_employee`
--

CREATE TABLE IF NOT EXISTS `tbl_sog_employee` (
  `emp_id` varchar(100) NOT NULL,
  `firstname` varchar(100) NOT NULL,
  `middlename` varchar(100) NOT NULL,
  `lastname` varchar(100) NOT NULL,
  `department` varchar(100) NOT NULL,
  `years_in_company` varchar(100) NOT NULL,
  `position` varchar(100) NOT NULL,
  `job_level` varchar(100) NOT NULL,
  `year_applied` varchar(100) NOT NULL,
  `years_in_position` varchar(100) NOT NULL,
  `department_head` varchar(100) NOT NULL,
  `username` varchar(100) NOT NULL,
  `password` varchar(100) NOT NULL,
  `password_temp` varchar(100) NOT NULL
) ENGINE=InnoDB DEFAULT CHARSET=latin1;

--
-- Dumping data for table `tbl_sog_employee`
--

INSERT INTO `tbl_sog_employee` (`emp_id`, `firstname`, `middlename`, `lastname`, `department`, `years_in_company`, `position`, `job_level`, `year_applied`, `years_in_position`, `department_head`, `username`, `password`, `password_temp`) VALUES
('111', 'hhh', 'hhh', 'hhh', 'College of Arts and Sciences', '0', 'h', 'h', '2017', '0', '', '111', 'e2ed0f788ae9f65e06ce86d83fb7853e', 'HHH'),
('EMP-002', 'Janessa', 'Carino', 'Estayo', 'College of Information Technology Education', '3', 'Secretary', 'Regular', '2014', '3', '', 'EMP-002', '2e6cd64c4d3aabb280846e0192338a96', 'ESTAYO'),
('user', 'Veronica', '', 'Canlas', '', '', '', '', '', '', '', 'user', 'ee11cbb19052e40b07aac0ca060c23ee', 'user');

-- --------------------------------------------------------

--
-- Table structure for table `tbl_users`
--

CREATE TABLE IF NOT EXISTS `tbl_users` (
  `lastName` varchar(60) NOT NULL,
  `firstName` varchar(60) NOT NULL,
  `middleName` varchar(60) NOT NULL,
  `userLevel` varchar(15) NOT NULL DEFAULT 'SOG'
) ENGINE=InnoDB DEFAULT CHARSET=latin1;

--
-- Indexes for dumped tables
--

--
-- Indexes for table `tbl_admins`
--
ALTER TABLE `tbl_admins`
  ADD PRIMARY KEY (`admin_id`);

--
-- Indexes for table `tbl_ans_eformp1`
--
ALTER TABLE `tbl_ans_eformp1`
  ADD PRIMARY KEY (`id`);

--
-- Indexes for table `tbl_ans_eformp1kpi`
--
ALTER TABLE `tbl_ans_eformp1kpi`
  ADD PRIMARY KEY (`id`);

--
-- Indexes for table `tbl_ans_eformp1_achievements`
--
ALTER TABLE `tbl_ans_eformp1_achievements`
  ADD PRIMARY KEY (`id`);

--
-- Indexes for table `tbl_ans_eformp2a`
--
ALTER TABLE `tbl_ans_eformp2a`
  ADD PRIMARY KEY (`id`);

--
-- Indexes for table `tbl_ans_eformp2b`
--
ALTER TABLE `tbl_ans_eformp2b`
  ADD PRIMARY KEY (`id`);

--
-- Indexes for table `tbl_ans_eformp3`
--
ALTER TABLE `tbl_ans_eformp3`
  ADD PRIMARY KEY (`id`);

--
-- Indexes for table `tbl_competencyratingscale`
--
ALTER TABLE `tbl_competencyratingscale`
  ADD PRIMARY KEY (`id`);

--
-- Indexes for table `tbl_departments`
--
ALTER TABLE `tbl_departments`
  ADD PRIMARY KEY (`id`);

--
-- Indexes for table `tbl_eformp1`
--
ALTER TABLE `tbl_eformp1`
  ADD PRIMARY KEY (`kraID`);

--
-- Indexes for table `tbl_eformp2a`
--
ALTER TABLE `tbl_eformp2a`
  ADD PRIMARY KEY (`id`);

--
-- Indexes for table `tbl_eformp2b`
--
ALTER TABLE `tbl_eformp2b`
  ADD PRIMARY KEY (`id`);

--
-- Indexes for table `tbl_eformp3`
--
ALTER TABLE `tbl_eformp3`
  ADD PRIMARY KEY (`id`);

--
-- Indexes for table `tbl_eformp4`
--
ALTER TABLE `tbl_eformp4`
  ADD PRIMARY KEY (`id`);

--
-- Indexes for table `tbl_evaluation_results`
--
ALTER TABLE `tbl_evaluation_results`
  ADD PRIMARY KEY (`id`);

--
-- Indexes for table `tbl_kpiratingscale`
--
ALTER TABLE `tbl_kpiratingscale`
  ADD PRIMARY KEY (`id`);

--
-- Indexes for table `tbl_notification`
--
ALTER TABLE `tbl_notification`
  ADD PRIMARY KEY (`id`);

--
-- Indexes for table `tbl_notification_user`
--
ALTER TABLE `tbl_notification_user`
  ADD PRIMARY KEY (`id`);

--
-- Indexes for table `tbl_proficiency_level`
--
ALTER TABLE `tbl_proficiency_level`
  ADD PRIMARY KEY (`id`);

--
-- Indexes for table `tbl_sog_employee`
--
ALTER TABLE `tbl_sog_employee`
  ADD PRIMARY KEY (`emp_id`);

--
-- AUTO_INCREMENT for dumped tables
--

--
-- AUTO_INCREMENT for table `tbl_ans_eformp1`
--
ALTER TABLE `tbl_ans_eformp1`
  MODIFY `id` int(11) NOT NULL AUTO_INCREMENT,AUTO_INCREMENT=5;
--
-- AUTO_INCREMENT for table `tbl_ans_eformp1kpi`
--
ALTER TABLE `tbl_ans_eformp1kpi`
  MODIFY `id` int(11) NOT NULL AUTO_INCREMENT,AUTO_INCREMENT=15;
--
-- AUTO_INCREMENT for table `tbl_ans_eformp1_achievements`
--
ALTER TABLE `tbl_ans_eformp1_achievements`
  MODIFY `id` int(11) NOT NULL AUTO_INCREMENT,AUTO_INCREMENT=15;
--
-- AUTO_INCREMENT for table `tbl_ans_eformp2a`
--
ALTER TABLE `tbl_ans_eformp2a`
  MODIFY `id` int(11) NOT NULL AUTO_INCREMENT,AUTO_INCREMENT=5;
--
-- AUTO_INCREMENT for table `tbl_ans_eformp2b`
--
ALTER TABLE `tbl_ans_eformp2b`
  MODIFY `id` int(11) NOT NULL AUTO_INCREMENT,AUTO_INCREMENT=9;
--
-- AUTO_INCREMENT for table `tbl_ans_eformp3`
--
ALTER TABLE `tbl_ans_eformp3`
  MODIFY `id` int(11) NOT NULL AUTO_INCREMENT,AUTO_INCREMENT=5;
--
-- AUTO_INCREMENT for table `tbl_competencyratingscale`
--
ALTER TABLE `tbl_competencyratingscale`
  MODIFY `id` int(11) NOT NULL AUTO_INCREMENT,AUTO_INCREMENT=9;
--
-- AUTO_INCREMENT for table `tbl_departments`
--
ALTER TABLE `tbl_departments`
  MODIFY `id` int(11) NOT NULL AUTO_INCREMENT,AUTO_INCREMENT=2;
--
-- AUTO_INCREMENT for table `tbl_eformp2a`
--
ALTER TABLE `tbl_eformp2a`
  MODIFY `id` int(11) NOT NULL AUTO_INCREMENT,AUTO_INCREMENT=16;
--
-- AUTO_INCREMENT for table `tbl_eformp2b`
--
ALTER TABLE `tbl_eformp2b`
  MODIFY `id` int(11) NOT NULL AUTO_INCREMENT,AUTO_INCREMENT=10;
--
-- AUTO_INCREMENT for table `tbl_eformp3`
--
ALTER TABLE `tbl_eformp3`
  MODIFY `id` int(11) NOT NULL AUTO_INCREMENT,AUTO_INCREMENT=5;
--
-- AUTO_INCREMENT for table `tbl_eformp4`
--
ALTER TABLE `tbl_eformp4`
  MODIFY `id` int(11) NOT NULL AUTO_INCREMENT,AUTO_INCREMENT=5;
--
-- AUTO_INCREMENT for table `tbl_evaluation_results`
--
ALTER TABLE `tbl_evaluation_results`
  MODIFY `id` int(11) NOT NULL AUTO_INCREMENT,AUTO_INCREMENT=3;
--
-- AUTO_INCREMENT for table `tbl_kpiratingscale`
--
ALTER TABLE `tbl_kpiratingscale`
  MODIFY `id` int(11) NOT NULL AUTO_INCREMENT,AUTO_INCREMENT=19;
--
-- AUTO_INCREMENT for table `tbl_notification`
--
ALTER TABLE `tbl_notification`
  MODIFY `id` int(11) NOT NULL AUTO_INCREMENT,AUTO_INCREMENT=5;
--
-- AUTO_INCREMENT for table `tbl_notification_user`
--
ALTER TABLE `tbl_notification_user`
  MODIFY `id` int(11) NOT NULL AUTO_INCREMENT,AUTO_INCREMENT=36;
--
-- AUTO_INCREMENT for table `tbl_proficiency_level`
--
ALTER TABLE `tbl_proficiency_level`
  MODIFY `id` int(100) NOT NULL AUTO_INCREMENT,AUTO_INCREMENT=8;
/*!40101 SET CHARACTER_SET_CLIENT=@OLD_CHARACTER_SET_CLIENT */;
/*!40101 SET CHARACTER_SET_RESULTS=@OLD_CHARACTER_SET_RESULTS */;
/*!40101 SET COLLATION_CONNECTION=@OLD_COLLATION_CONNECTION */;
